{"max": 2.944649446494465, "max_step": 400, "min": 0.07380073800738007, "min_step": 10, "num": 40}