{"max": 0.00019558823529411764, "max_step": 10, "min": 4.411764705882353e-06, "min_step": 400, "num": 40}