{"max": 0.00019976560525993014, "max_step": 50, "min": 2.9662504620588947e-07, "min_step": 400, "num": 40}