{"max": 1.2717713117599487, "max_step": 100, "min": 1.2144497632980347, "min_step": 400, "num": 4}