{"max": 0.1739569902420044, "max_step": 330, "min": 0.08422181010246277, "min_step": 30, "num": 40}