{"max": 1.2394388914108276, "max_step": 100, "min": 1.1777920722961426, "min_step": 400, "num": 4}