{"max": 1.6317272186279297, "max_step": 10, "min": 0.5172205567359924, "min_step": 280, "num": 40}