{"max": 1.2387741804122925, "max_step": 100, "min": 1.1771032810211182, "min_step": 400, "num": 4}