{"max": 1.6312940120697021, "max_step": 10, "min": 0.5165097713470459, "min_step": 280, "num": 40}